[{"_id":"5ed3d5dd27aa3f7c9cacf7c2","name":"Silent Child","bookId":"0","price":"200","By":"Sarah A. Denzil","image":"https://images.gr-assets.com/books/1485346197l/33984070.jpg","__v":0},{"_id":"5ed3d64c713d633d687d318f","name":"The Stars are Fire","bookId":"1","price":"200","By":"Anita Shreve","image":"https://i.gr-assets.com/images/S/compressed.photo.goodreads.com/books/1491229174l/34095181._SY475_.jpg","__v":0},{"_id":"5ed3d6961560bc98fd7e0d2a","name":"IN Farleign Field","bookId":"2","price":"200","By":"Janet Quin-Harkin","image":"https://i.gr-assets.com/images/S/compressed.photo.goodreads.com/books/1488995897l/34512272._SY475_.jpg","__v":0},{"_id":"5ed3d6eee073f44e4d198ed7","name":"A Column of Fire","bookId":"3","price":"200","By":"Ken Follett","image":"https://panmacmillanapi.blob.core.windows.net/pmapi/e12a8195-4610-4b2d-fa9f-08d58e45775c/editions/87608c63-f38c-42f9-7e5e-08d5dd18a277/original_400_600.jpg","__v":0},{"_id":"5ed3d736ffbd6dc9b45a337d","name":"The Hate u Give","bookId":"4","price":"200","By":"Angie Thomas, 2015","image":"https://m.media-amazon.com/images/I/411xVI8P4vL.jpg","__v":0},{"_id":"5ed3d78fc59242759478da25","name":"The Rooster Bar","bookId":"5","price":"200","By":"John Grisham, 2018","image":"https://images-na.ssl-images-amazon.com/images/I/51-pgyJpWfL._SX323_BO1,204,203,200_.jpg","__v":0},{"_id":"5ed3e1ce6d8442679d2db6ac","name":"The Hobbit","bookId":"6","price":"200","By":"JJR Tolkein","image":"http://placekitten.com/g/320/500","__v":0},{"_id":"5ed3ea08c59e5c7a6d5a553f","name":"Harry Potter","bookId":"7","price":"200","By":"JKRowling","image":"http://placekitten.com/g/320/500","__v":0},{"_id":"5ed3ece7b388e1c5c838c680","name":"A Column of Fire","bookId":"8","price":"200","By":"Author Name","image":"http://placekitten.com/g/320/500","__v":0}]