[
    {
        "_id": "5eca91915f21ee5b3fc977d9",
        "image": "https://images.gr-assets.com/books/1485346197l/33984070.jpg",
        "name": "Silent Child",
        "price": "200",
        "By": "Sarah A. Denzil",
        "author": "0xadD2292217dA6B0D93c3b204De770842bDF77198"
    },
    {
        "_id": "5eca9339a8343c5c0f4b3686",
        "image": "https://images-na.ssl-images-amazon.com/images/I/415xl1hd2JL._SX323_BO1,204,203,200_.jpg",
        "name": "We are the lucky ones",
        "price": "250",
        "By": " Georgia Hunter",
        "author": "0xA2C0795d75914e16F184380c45D12b44DbE5BCdD"
    },
    {
        "_id": "5eca9339a8343c5c0f4b3686",
        "name": "The Stars are Fire",
        "image": "https://i.gr-assets.com/images/S/compressed.photo.goodreads.com/books/1491229174l/34095181._SY475_.jpg",
        "price": "300",
        "By": "Anita Shreve",
        "author": "0x3ad7074068117c29f43C8F175D5C6f10D4632B73"
    },
    {
        "_id": "5eca9339a8343c5c0f4b3686",
        "name": "IN Farleign Field",
        "image": "https://i.gr-assets.com/images/S/compressed.photo.goodreads.com/books/1488995897l/34512272._SY475_.jpg",
        "price": "100",
        "By" : "Janet Quin-Harkin",
        "author": "0x7cFDcd0c3728feaCB2642be17D3e2cFd2dBD8192"
    },
    {
        "_id": "5eca9339a8343c5c0f4b3686",
        "name": "A Column of Fire",
        "image": "https://panmacmillanapi.blob.core.windows.net/pmapi/e12a8195-4610-4b2d-fa9f-08d58e45775c/editions/87608c63-f38c-42f9-7e5e-08d5dd18a277/original_400_600.jpg",
        "price": "150",
        "By" : "Ken Follett",
        "author": "0x0c4C05e28DE4366f844F94384afc6F78f063c096"
    },
    {
        "_id": "5eca9339a8343c5c0f4b3686",
        "name": "The Hate u Give",
        "image": "https://m.media-amazon.com/images/I/411xVI8P4vL.jpg",
        "price": "175",
        "By": "Angie Thomas, 2015",
        "author": "0x6d5a3E925d16579c1f47f49dDC0F5bC3a84F10Bb"
    },
    {
        "_id": "5eca9339a8343c5c0f4b3686",
        "name": "The Rooster Bar",
        "image": "https://images-na.ssl-images-amazon.com/images/I/51-pgyJpWfL._SX323_BO1,204,203,200_.jpg",
        "price": "225",
        "By": "John Grisham, 2018",
        "author": "0xCc52ED2C2679d02071B60A162BF8B9C8F4Cb04e3"
    },
    {
        "_id": "5eca9339a8343c5c0f4b3686",
        "name": "The Alice Network",
        "image": "https://m.media-amazon.com/images/I/51jVzFgR9fL.jpg",
        "price": "200",
        "By": "Kate Quinn, 2017",
        "author": "0x4E6f3bA47cBd239a8fDCCFbaF3a56526c6ccd2d2"
    },
    {
        "_id": "5eca9339a8343c5c0f4b3686",
        "name": "The Leavers",
        "image": "https://image.isu.pub/190809115620-cf41febf90f29964f9ab12372d33dac6/jpg/page_1_thumb_large.jpg",
        "price": "275",
        "By": "Lisa Ko, 2017",
        "author": "0x8b5Db1538e3Be23C48b11cBF58dABF5392E67Af9"
    }


]