[
    {
        "_id": "5eca91915f21ee5b3fc977d9",
        "image": "https://images.gr-assets.com/books/1485346197l/33984070.jpg",
        "name": "Silent Child",
        "price": "200",
        "By": "Sarah A. Denzil",
        "bookId": "0"
    },
    {
        "_id": "5eca9339a8343c5c0f4b3686",
        "image": "https://images-na.ssl-images-amazon.com/images/I/415xl1hd2JL._SX323_BO1,204,203,200_.jpg",
        "name": "We are the lucky ones",
        "price": "250",
        "By": " Georgia Hunter",
        "bookId": "1"
    },
    {
        "_id": "5eca9339a8343c5c0f4b3686",
        "name": "The Stars are Fire",
        "image": "https://i.gr-assets.com/images/S/compressed.photo.goodreads.com/books/1491229174l/34095181._SY475_.jpg",
        "price": "300",
        "By": "Anita Shreve",
        "bookId": "2"
    },
    {
        "_id": "5eca9339a8343c5c0f4b3686",
        "name": "IN Farleign Field",
        "image": "https://i.gr-assets.com/images/S/compressed.photo.goodreads.com/books/1488995897l/34512272._SY475_.jpg",
        "price": "100",
        "By" : "Janet Quin-Harkin",
        "bookId": "3"
    },
    {
        "_id": "5eca9339a8343c5c0f4b3686",
        "name": "A Column of Fire",
        "image": "https://panmacmillanapi.blob.core.windows.net/pmapi/e12a8195-4610-4b2d-fa9f-08d58e45775c/editions/87608c63-f38c-42f9-7e5e-08d5dd18a277/original_400_600.jpg",
        "price": "150",
        "By" : "Ken Follett",
        "bookId": "4"
    },
    {
        "_id": "5eca9339a8343c5c0f4b3686",
        "name": "The Hate u Give",
        "image": "https://m.media-amazon.com/images/I/411xVI8P4vL.jpg",
        "price": "175",
        "By": "Angie Thomas, 2015",
        "bookId": "5"
    },
    {
        "_id": "5eca9339a8343c5c0f4b3686",
        "name": "The Rooster Bar",
        "image": "https://images-na.ssl-images-amazon.com/images/I/51-pgyJpWfL._SX323_BO1,204,203,200_.jpg",
        "price": "225",
        "By": "John Grisham, 2018",
        "bookId": "6"
    },
    {
        "_id": "5eca9339a8343c5c0f4b3686",
        "name": "The Alice Network",
        "image": "https://m.media-amazon.com/images/I/51jVzFgR9fL.jpg",
        "price": "200",
        "By": "Kate Quinn, 2017",
        "bookId": "7"
    },
    {
        "_id": "5eca9339a8343c5c0f4b3686",
        "name": "The Leavers",
        "image": "https://image.isu.pub/190809115620-cf41febf90f29964f9ab12372d33dac6/jpg/page_1_thumb_large.jpg",
        "price": "275",
        "By": "Lisa Ko, 2017",
        "bookId": "8"
    }


]